category,llm,llm,llm,rulebase,rulebase
judge_field,check_if_category_in_text_37bd5dda067056fda1d51141535af4b82ec548debde893aadfcd2ba915baaf64,check_if_category_in_text_a30b3f287814b39e51a50c75067f4e59b5cefd294b977e536876565c600b3d8d,check_if_gakunen_in_text_2141d678d5e450d40d2fe9cecbd657b9c9fc7aec93d9a75fd6f3831d7e88ff27,check_megu_in_text_0455aa00651e63190377f9a4477ddecefca0423dec908d2fdd58f697c9fda4a2,count_text_length_992c14e3e9d54907da976e7118a4632f62cec7f85114ab2c6d20fd3e3fbb6dbc
submit,,,,,
./data/submit/submit.csv_928efef0612fcb95b3219325216a2c6e78ba4b8992b87179a3057d72e99c6016,0.3333333333333333,0.3333333333333333,0.3333333333333333,0.0,118.33333333333333
